"students","math_grades","spanish_grades","grade_diff","better_at_math"
"Student 1",80.0264005964329,94.3605175873603,21.9646845573132,FALSE
"Student 2",87.5342629299845,80.1978162349006,10.8532838540813,TRUE
"Student 3",80.1626812609418,81.3231736643447,-6.15405763084921,FALSE
"Student 4",91.1642280592671,82.5300399476062,-9.53223385719986,TRUE
"Student 5",86.5897229372603,82.0325348524882,-7.69344934040988,TRUE
"Student 6",77.1286827720218,95.4694930837101,-11.733242053869,FALSE
"Student 7",90.2868731327616,84.4127951433022,7.94898170182199,TRUE
"Student 8",75.544359519488,72.9593834384518,-38.6014860253582,TRUE
"Student 9",94.7248031578145,73.0601626043114,-0.718064775402325,TRUE
"Student 10",93.6921144258299,85.1349823480852,9.80063067698313,TRUE
"Student 11",64.6991769441647,74.8357410013262,-21.3600947221455,FALSE
"Student 12",89.6844543252404,68.788862594,17.7108048331622,TRUE
"Student 13",108.467903129506,92.7578606062409,8.44900620812133,TRUE
"Student 14",83.4203355468607,83.9034302344747,-21.6421416781034,FALSE
"Student 15",102.906375829692,93.3210916163333,5.46247527466504,TRUE
"Student 16",91.952680017519,99.5880491378679,-0.85199502035745,FALSE
"Student 17",83.9495667357699,105.857085848329,-10.1896429422202,FALSE
"Student 18",99.0073505141319,86.7567246374516,31.2193482828427,TRUE
"Student 19",96.1103253827211,87.2551071626741,20.9836611526322,TRUE
"Student 20",89.8630828347691,95.4503428255344,9.191732344824,FALSE
"Student 21",82.2214886837201,74.179305182452,-4.27891916456073,TRUE
"Student 22",84.6828325345857,79.3651268747239,4.82938990860562,TRUE
"Student 23",68.2686930057531,84.5087775195166,-7.52878833195319,FALSE
"Student 24",94.3821800251111,88.7175942640894,39.6327236686426,TRUE
"Student 25",108.39268187378,76.2061145266365,10.2276188407459,TRUE
"Student 26",91.8820243394433,92.9952651898303,18.6970854230969,FALSE
"Student 27",99.3533666651116,65.9231428664071,14.5287237422953,TRUE
"Student 28",82.1272173015077,84.5988533825943,-12.6274918150533,FALSE
"Student 29",83.8880711329638,96.3075937183998,-12.1030351984561,FALSE
"Student 30",93.4539893937635,95.4400973563907,20.6479318386654,FALSE
"Student 31",92.0299245401188,67.5086772471617,8.7290044054682,TRUE
"Student 32",114.14848208085,87.5914986237485,48.5861615333038,TRUE
"Student 33",102.297090633452,90.9774959449201,25.449122729072,TRUE
"Student 34",93.8087276105182,73.1729697778443,5.48298379100217,TRUE
"Student 35",87.191951807071,85.3630771582869,-22.4756771713024,TRUE
"Student 36",74.2659033234955,80.9110282801108,-41.8783394814281,FALSE
"Student 37",88.1938127024677,71.3108257636074,20.1789276425416,TRUE
"Student 38",92.1932260262252,100.270498799175,10.266744279229,FALSE
"Student 39",82.3659758870371,76.6520596519473,-4.23250284314243,TRUE
"Student 40",83.1121151724356,90.0919636692411,0.0375337183837559,FALSE
"Student 41",88.0090781566504,83.7485467144214,2.63379002271009,TRUE
"Student 42",82.4498049060059,91.3241626963571,-33.0776992493078,FALSE
"Student 43",66.4860523416572,101.841379811675,-32.5339388719101,FALSE
"Student 44",93.4353275603024,78.9532166396107,-22.4044759889828,TRUE
"Student 45",95.1786974391016,74.6112955585305,17.8420983487934,TRUE
"Student 46",99.7443305095322,77.5701276203401,19.4790005279041,TRUE
"Student 47",103.398042187858,62.9098204321262,8.6501649506252,TRUE
"Student 48",88.5710843783314,99.0311601811202,6.71983207551756,FALSE
"Student 49",74.8220068018335,67.2855479689418,-19.782006489675,TRUE
"Student 50",90.8088859645846,62.6313598469824,15.2322494821594,TRUE
"Student 51",82.3293380069128,92.6526594855732,-19.5458193472264,FALSE
"Student 52",102.890329558704,86.2037671351054,19.3521782309169,TRUE
"Student 53",70.7018301114546,75.6366725551151,-27.9273437857188,FALSE
"Student 54",89.9412866815972,95.5075166389652,1.92464244670064,FALSE
"Student 55",99.2778052593018,93.5061995175378,9.14666792260543,TRUE
"Student 56",77.3770511958027,83.9893364827104,-14.6052026675136,FALSE
"Student 57",92.3768542469548,90.4279359238845,24.2144204257039,TRUE
"Student 58",103.294946578349,95.8805802739954,9.66073373304062,TRUE
"Student 59",91.5526677040819,70.6343854296601,5.33369565277766,TRUE
"Student 60",99.210233764197,70.9990591005296,-1.94058247688139,TRUE
"Student 61",99.4940550417523,81.8892414870192,15.8788928975062,TRUE
"Student 62",85.6248475058416,96.595700444013,7.27335212684747,FALSE
"Student 63",75.9220286733265,71.8749522589081,-0.444007999786024,TRUE
"Student 64",90.1250251781279,77.6432049712203,16.8169011886551,TRUE
"Student 65",97.1099111037564,108.646635494101,22.0237991204653,FALSE
"Student 66",111.303329380479,79.8057417327895,29.969698379914,TRUE
"Student 67",64.5461491781957,104.58016391718,-42.288074136364,FALSE
"Student 68",75.5403513930689,87.5203191265082,-1.22587255169412,FALSE
"Student 69",77.5571677643319,82.3510043730895,7.59121776134378,FALSE
"Student 70",96.2020466572472,84.5108603566188,-13.9623284958489,TRUE
"Student 71",65.6516664006654,88.1451194401731,-30.7575567960111,FALSE
"Student 72",83.2595236472976,78.7708411263586,-1.53067569672899,TRUE
"Student 73",91.2177875655261,104.731774646357,14.2274976287474,FALSE
"Student 74",114.640623221967,97.9035733580707,35.0002347195885,TRUE
"Student 75",89.1353177305594,83.9560229473429,5.16236984839703,TRUE
"Student 76",72.4721036352689,60.6577088676567,-7.04425725054028,TRUE
"Student 77",72.5341315470375,78.5147892638074,18.6576373582379,FALSE
"Student 78",93.3515987401949,88.3927617521406,14.7403009965966,TRUE
"Student 79",97.2451163688112,77.7992412358734,9.70380497017729,TRUE
"Student 80",75.4260808984102,74.6753026002885,-18.730699575986,TRUE
"Student 81",83.2770860947553,98.2503602621077,-0.572670973315851,FALSE
"Student 82",91.220443366655,99.8680852033261,-3.7545366594042,FALSE
"Student 83",91.8301411845214,85.0774810892054,24.0299601972563,TRUE
"Student 84",95.1982394003681,84.5632745093157,-1.90584818668873,TRUE
"Student 85",92.2411068567633,78.7438378782186,13.1392696327118,TRUE
"Student 86",59.6663181343405,102.317394042009,-16.4856869268738,FALSE
"Student 87",77.078272626337,82.9138534729352,-5.25575103446732,FALSE
"Student 88",98.3699496105051,58.7113055274349,4.7826644380801,TRUE
"Student 89",81.3220912759217,94.9554269485384,-24.6393777781487,FALSE
"Student 90",91.0953390284726,94.1339796814351,7.99727109869505,FALSE
"Student 91",90.9559817028698,97.7321638161452,17.4886319251451,FALSE
"Student 92",105.969059077865,99.0427249608459,-2.07436210507879,TRUE
"Student 93",107.97136475398,83.3187881044634,1.50464017545966,TRUE
"Student 94",81.0913196999136,82.9498685365843,-12.3886897713304,FALSE
"Student 95",92.9548384137433,99.4128749586035,11.4045366321661,FALSE
"Student 96",74.9754826407294,104.975860297481,10.4285247522223,FALSE
"Student 97",103.292856798892,107.139931501741,4.66104709220757,FALSE
"Student 98",87.9297909999836,91.9110728656053,47.3951713041861,FALSE
"Student 99",78.2828238845609,83.1784861938584,-35.5743097099291,FALSE
"Student 100",94.0542677421906,89.0459976351465,21.0734117140852,TRUE
"Student 101",84.3664881719112,79.6403996804178,-10.7122069686609,TRUE
"Student 102",84.9022741871784,104.063358030359,5.2819139923307,FALSE
"Student 103",70.9169099381303,92.8187079616736,-5.36297081841236,FALSE
"Student 104",91.0158433967507,79.4482472310555,23.2846356915264,TRUE
"Student 105",80.0425017226862,77.9822279947127,-13.1779192715054,TRUE
"Student 106",89.0963217236243,76.3993174153589,16.2288470328881,TRUE
"Student 107",93.1815495508905,89.17306450951,11.1427710638942,TRUE
"Student 108",93.474226121235,93.302057423267,21.93103156018,TRUE
"Student 109",87.4470923840437,96.1259423851511,15.7027939853929,FALSE
"Student 110",80.8207860141896,98.1677898109421,-7.40019483838583,FALSE
"Student 111",69.9865360658679,72.5282795743231,-22.5484037634246,FALSE
"Student 112",104.418101139761,86.3557053617767,20.9075102150541,TRUE
"Student 113",86.6160011527353,94.4858155854172,20.8928896535037,FALSE
"Student 114",75.755871010734,63.6691123963986,-13.6688639307927,TRUE
"Student 115",85.3365176768719,98.7315927529127,10.7251270899412,FALSE
"Student 116",85.0773111574433,87.523050886555,0.127919666197727,FALSE
"Student 117",93.1700987981176,80.9631696233634,-11.6059354984789,TRUE
"Student 118",71.088258781779,63.9628253667263,-19.6322935480748,TRUE
"Student 119",74.9382255038992,96.7215252667423,-25.6715954600203,FALSE
"Student 120",108.291877548396,76.2974928889783,16.7706467348991,TRUE
"Student 121",84.9491230788616,73.8580732722996,-10.6708642467588,TRUE
"Student 122",91.5538708779465,77.5200248893416,5.2287247245241,TRUE
"Student 123",97.3570588799194,72.7190822017682,31.1622683186157,TRUE
"Student 124",92.5984737076623,90.9193223016509,0.110816242381873,TRUE
"Student 125",96.2428831785438,104.64698734743,-18.276191872709,FALSE
"Student 126",86.3273044735533,69.2061622310226,-26.0176645865664,TRUE
"Student 127",81.2243626346028,77.5581666884438,15.9730427251979,TRUE
"Student 128",59.157265976716,91.4442570323239,-24.4399859861045,FALSE
"Student 129",77.0040293665238,70.3107061557415,-5.94679295844895,TRUE
"Student 130",73.0836552268011,76.9583708615439,-22.5876255961803,FALSE
"Student 131",83.9550271487768,73.896554651668,23.6880015037261,TRUE
"Student 132",78.1590702451033,69.2106111716358,8.36087487166805,TRUE
"Student 133",100.768509466361,81.110600684301,29.2369479716913,TRUE
"Student 134",102.61305136576,82.1619573653433,27.2411719974502,TRUE
"Student 135",82.8451600321858,72.8161442661395,-17.3239205071511,TRUE
"Student 136",84.6242124583797,69.4228203999212,11.4294724832646,TRUE
"Student 137",92.5049455025492,86.8632864374271,23.4498637839675,TRUE
"Student 138",98.2870687816843,61.9071247768625,-3.1118050298677,TRUE
"Student 139",87.0388167574265,75.4102437394069,-3.21513366199464,TRUE
"Student 140",73.6280993428619,110.564419857904,-9.83052094209064,FALSE
"Student 141",77.343526947247,64.714506219212,4.86324823403461,TRUE
"Student 142",85.0079188368576,76.4980975250109,-12.6422084210782,TRUE
"Student 143",96.0403232589291,84.687130344911,7.7377880175203,TRUE
"Student 144",94.9037150156857,81.1412592130852,0.560197671147691,TRUE
"Student 145",77.720583170713,95.0814319813602,-5.43191904174715,FALSE
"Student 146",79.7992366820805,76.9153439641925,-16.9947174655729,TRUE
"Student 147",90.2579337124993,94.934680378636,25.9544447271128,FALSE
"Student 148",105.659989830764,93.8696016511007,-2.29563110880041,TRUE
"Student 149",82.4251668734249,71.2686925211549,-4.7289980400629,TRUE
"Student 150",74.4242272667457,76.5957317696027,-21.6602688261191,FALSE
"Student 151",88.8408971131493,87.0307684044565,-7.28349754342784,TRUE
"Student 152",95.2781498835712,82.9978161024754,20.719668065338,TRUE
"Student 153",88.1208926859213,91.6217163017561,-2.01373991649447,FALSE
"Student 154",88.9297452090182,94.0386466585522,-13.9140241208059,FALSE
"Student 155",84.1030967114778,81.8745492654822,7.3894232010602,TRUE
"Student 156",79.353340868346,89.0447712800858,-27.7813336415598,FALSE
"Student 157",95.7517364313188,81.2249683667735,38.0545824267937,TRUE
"Student 158",70.1424128342029,72.4024584511648,-14.5815190773292,FALSE
"Student 159",100.671554127749,77.984350099431,19.4104667962686,TRUE
"Student 160",90.7067895151352,79.3201181706583,18.9539610364192,TRUE
"Student 161",89.7801193164833,67.9624480306847,13.9791306319423,TRUE
"Student 162",94.493339437465,63.8014636834909,-0.78692115190897,TRUE
"Student 163",84.8417582649955,85.5096020948478,3.8927447595146,FALSE
"Student 164",84.217249734512,64.0160271078775,2.00390517143886,TRUE
"Student 165",75.8617260357961,76.5273412045039,28.6647717088164,FALSE
"Student 166",86.3102481708937,67.720969896186,5.53073791499044,TRUE
"Student 167",79.813145908702,83.9068127521947,6.56812492352481,FALSE
"Student 168",88.663024961729,88.3944219817225,7.54738311370328,TRUE
"Student 169",95.1938901689471,77.1442484227368,-36.5900932206525,TRUE
"Student 170",93.2291892229265,76.8908957723469,11.0733873980994,TRUE
"Student 171",93.8731580955915,86.6568771317046,-7.92207665414034,TRUE
"Student 172",70.6816987146337,54.9949153428896,-10.6747555256032,TRUE
"Student 173",71.1359296332812,90.5734873544888,-5.93365892797388,FALSE
"Student 174",81.878700608442,82.2403648469239,-8.72030259512944,FALSE
"Student 175",89.7012069086986,79.3547890099961,9.59758305577797,TRUE
"Student 176",94.8444635793719,83.0984450668,-2.58616844121862,TRUE
"Student 177",88.1694731709821,79.676079427765,-11.4890629423942,TRUE
"Student 178",79.7756305562715,83.7169459957998,-9.8604591407484,FALSE
"Student 179",80.3345317121002,103.193860713537,3.60120947347576,FALSE
"Student 180",82.926353669744,66.7784242583625,-18.0572719259791,TRUE
"Student 181",87.4236139363369,77.4049837157413,-3.93878648143905,TRUE
"Student 182",92.0506176127257,65.289602254518,2.36069412543917,TRUE
"Student 183",88.5082700434686,82.7035147747814,6.32089860678731,TRUE
"Student 184",79.1301520330944,74.8358718820941,-1.13120549179573,TRUE
"Student 185",94.2943753720092,108.951770714853,4.13525485917459,FALSE
"Student 186",82.3472592603608,91.3320135589053,-10.0883207199923,FALSE
"Student 187",119.77521341984,74.7599128845887,37.0989214821954,TRUE
"Student 188",78.6654004870565,86.7236903334819,-10.5091505216619,FALSE
"Student 189",88.2411371516867,80.0619543599228,-4.82230829849657,TRUE
"Student 190",91.3624968207419,104.707567703094,14.4367519444264,FALSE
"Student 191",85.7057649311542,91.378319121768,8.48200869308332,FALSE
"Student 192",64.3614303173178,90.5209236275793,-26.1242061740626,FALSE
"Student 193",77.9113422653145,95.7555541703313,-14.8811836691702,FALSE
"Student 194",100.090142733645,88.930904921548,18.2006551620369,TRUE
"Student 195",94.0005583202103,105.833453993342,13.1793226280114,FALSE
"Student 196",73.7116266813763,71.5370465243481,-1.85688721952882,TRUE
"Student 197",80.5755012700012,106.850118822739,0.806779412915603,FALSE
"Student 198",96.2644014895164,68.0572899501101,12.2825797760077,TRUE
"Student 199",84.346817118869,80.2728874667545,20.1653455906968,TRUE
"Student 200",81.9164453475077,91.6459846985084,3.11850368307157,FALSE
"Student 201",99.9253826881836,78.3886127313293,17.0633826561529,TRUE
"Student 202",98.7026055840808,94.8148319797108,8.47585916091973,TRUE
"Student 203",88.0130234339088,98.7908695020181,17.3031112407231,FALSE
"Student 204",105.011352398082,100.875625507567,6.5132594196668,TRUE
"Student 205",70.6261183709569,87.6570601206946,-13.149821312071,FALSE
"Student 206",95.3314123865831,90.86132352749,4.53254958031094,TRUE
"Student 207",88.1701778234484,76.3215331629608,8.77044520551426,TRUE
"Student 208",70.5853555953597,107.473772043004,-2.76851373918973,FALSE
"Student 209",106.947352317441,79.2501714532467,23.4438146875239,TRUE
"Student 210",91.5510506101233,99.1902589901872,11.404560888464,FALSE
"Student 211",101.132805715076,78.6944760623656,8.8099972646836,TRUE
"Student 212",82.3578184540171,87.4698669373633,12.0984884092891,FALSE
"Student 213",79.0529458083808,107.633824847953,7.55947678580128,FALSE
"Student 214",68.558567678387,85.9040711588408,-35.6131359105255,FALSE
"Student 215",99.4913693285982,90.984369784486,29.4077949759175,TRUE
"Student 216",101.615631737262,66.6726424397257,34.0118068439039,TRUE
"Student 217",73.4457313216007,76.1687657455539,-8.01786762854546,FALSE
"Student 218",69.3672184218251,79.1330094743207,-19.7654036860262,FALSE
"Student 219",108.461951691235,107.756425586173,15.131796809123,TRUE
"Student 220",87.9797145300267,89.0504694023998,27.5462371507819,FALSE
"Student 221",98.5522689668295,95.2207157695913,37.3889814438128,TRUE
"Student 222",90.8264403908583,83.449523766238,1.58232070781574,TRUE
"Student 223",80.1200902021988,82.3476092775374,8.37136635557616,FALSE
"Student 224",104.718013039383,111.441341553951,16.8966959242967,FALSE
"Student 225",95.7327156242081,90.6599454938908,24.6809625235189,TRUE
"Student 226",74.6803667963953,93.5745776645636,-17.0582570616836,FALSE
"Student 227",90.6568027711291,80.4076263386585,-10.2039468185484,TRUE
"Student 228",71.9656749298538,95.6637313894407,-3.44905651876037,FALSE
"Student 229",105.026772484236,86.8003100644954,22.6829726018288,TRUE
"Student 230",103.871947347463,89.711078594129,33.242041407946,TRUE
"Student 231",84.3938543494294,101.947233938653,5.20775296064555,FALSE
"Student 232",94.2210451120293,85.0692901782372,20.0051400677482,TRUE
"Student 233",79.103244256679,82.8898208916581,-10.4085493793533,FALSE
"Student 234",90.3846173566104,103.217129231396,-3.45318576174144,FALSE
"Student 235",85.1778364896225,91.5571917429496,-4.24320640836714,FALSE
"Student 236",82.4507568341895,82.8574756256444,-0.815869297379493,FALSE
"Student 237",91.056732084171,85.0767130644053,9.37450352357502,TRUE
"Student 238",83.2062682123828,79.9886830500149,-16.0944733266579,TRUE
"Student 239",118.11995217991,74.9490159834211,32.1544370542409,TRUE
"Student 240",92.0968778905914,82.9549059560616,-7.44593174410389,TRUE
"Student 241",89.9586888106686,72.2316279251476,-8.4577749611143,TRUE
"Student 242",85.2896255767045,71.4415130785727,1.95193137355619,TRUE
"Student 243",85.0694505573739,77.8595189578663,24.4847150742295,TRUE
"Student 244",84.4414097381098,88.6951719030679,-19.3039821101969,FALSE
"Student 245",89.9001270381868,72.4712421454867,-6.95079711809761,TRUE
"Student 246",88.7990724144475,92.2893078595557,0.780125936598552,FALSE
"Student 247",89.9084301151803,95.1094201715558,-8.90554275392566,FALSE
"Student 248",91.7851893903153,77.114757020295,26.1965590335702,TRUE
"Student 249",92.4904349354766,77.4867326560153,-27.483439747441,TRUE
"Student 250",81.5624373404144,98.2583363104158,-10.1366322933179,FALSE
"Student 251",96.2286678938122,92.582539407556,29.0691808254427,TRUE
"Student 252",86.8967424775443,80.2900667124707,-6.46448801251456,TRUE
"Student 253",105.129635027846,90.4628767934634,7.17473887791755,TRUE
"Student 254",103.40147931525,82.9067815357182,20.2887039380915,TRUE
"Student 255",88.3178759360687,83.7226240950319,-11.8856749559793,TRUE
"Student 256",87.343323241546,77.1986331227341,-8.14221923382671,TRUE
"Student 257",92.0762193054886,78.5368696946282,29.5399284111533,TRUE
"Student 258",93.2047112868682,100.083369982947,-0.597303742414994,FALSE
"Student 259",76.9673722411393,86.7642939045472,-22.6222382262821,FALSE
"Student 260",93.5144998642315,84.5902854619098,-7.69817879855025,TRUE
"Student 261",82.8964979293335,76.4034697909529,12.3499762852637,TRUE
"Student 262",90.2835701732004,66.3510824948458,3.40707823197852,TRUE
"Student 263",91.9449105101489,97.0974186612918,24.5080324452244,FALSE
"Student 264",94.6170201694506,95.6974195150753,4.12203584241519,FALSE
"Student 265",89.98507166499,89.673915441511,-4.76156886486326,TRUE
"Student 266",79.713272765764,92.8848238292196,-8.78912411013077,FALSE
"Student 267",76.0746542094187,71.2485645282487,7.64139908852496,TRUE
"Student 268",103.21015837703,78.4898329564982,26.045537342454,TRUE
"Student 269",69.132747654241,94.6823939782122,-8.5601612237095,FALSE
"Student 270",87.4494941133036,80.3592311691928,12.1735612840822,TRUE
"Student 271",91.2376350880375,65.0196278391129,-0.801372740093541,TRUE
"Student 272",95.2406828672922,86.4317051613048,0.50133927432141,TRUE
"Student 273",87.6755759451281,87.0722128942099,0.620315745809421,TRUE
"Student 274",96.0817228808888,70.2496502854533,-5.09187580518413,TRUE
"Student 275",87.749970308971,74.9745428639609,23.2261944127298,TRUE
"Student 276",81.4362307303175,86.7838820745155,1.90816239933129,FALSE
"Student 277",100.64882566698,79.7223623246285,9.29267964463104,TRUE
"Student 278",91.5324969354483,87.0139716177878,20.5406073052472,TRUE
"Student 279",92.7608671954697,85.2638937185844,14.9367882867682,TRUE
"Student 280",98.0653229637487,84.5296916277684,21.5576465380484,TRUE
"Student 281",102.268625283051,83.5115006778235,25.4297562864443,TRUE
"Student 282",68.0114888820189,85.3094770569369,-18.256115546889,FALSE
"Student 283",97.2928556957037,78.5216186647483,-1.38893598898075,TRUE
"Student 284",86.5160415054581,86.3839251875924,-9.83101712937662,TRUE
"Student 285",90.015178304215,80.2858528212512,-1.25152558636657,TRUE
"Student 286",96.9356527352874,79.4265956460441,11.4196988603491,TRUE
"Student 287",65.342600124995,63.4132831453491,-10.2610278757523,TRUE
"Student 288",75.7176317367659,89.9756017312828,-11.907765376291,FALSE
"Student 289",85.7311173679749,69.2251056571335,13.4358954083951,TRUE
"Student 290",88.0481136931281,59.6235568117713,15.5749420191787,TRUE
"Student 291",79.8873285799868,73.5292141642521,-5.77465476556884,TRUE
"Student 292",76.0359985344604,73.4947876512848,0.0403075898269378,TRUE
"Student 293",100.869677641253,86.7165877653385,8.76457983579802,TRUE
"Student 294",89.3447566247279,96.5209096827007,3.60665999643511,FALSE
"Student 295",79.4064592570564,78.4816231454878,2.84741272259329,TRUE
"Student 296",78.4238202885956,76.9722295446123,-27.7284947381254,TRUE
"Student 297",93.6761554071148,53.00141110675,1.26536242556081,TRUE
"Student 298",95.7206688592222,99.314451111044,10.9239464579666,FALSE
"Student 299",83.5197041288559,97.3571262483633,15.8781613348154,FALSE
"Student 300",97.9823463913134,77.9440690773504,10.0544076657796,TRUE
"Student 301",96.3385275916604,86.992092625576,3.93389398569713,TRUE
"Student 302",76.470955199844,77.6791828142747,3.33746970802684,FALSE
"Student 303",81.8045870812172,69.3035718199261,-11.4755434457274,TRUE
"Student 304",94.8344643941867,77.0793644423342,6.33459269816571,TRUE
"Student 305",94.1368340639342,99.9181700784867,5.91035646798262,FALSE
"Student 306",94.1052825858693,84.3799381110748,16.0415400650077,TRUE
"Student 307",91.8925042957825,71.1046140458287,4.53652154558837,TRUE
"Student 308",96.7206255255093,80.1521182790493,-12.9924161394028,TRUE
"Student 309",113.769024176788,102.989499466418,41.6146646978258,TRUE
"Student 310",88.367081411514,88.0172845386809,5.98587205963469,TRUE
"Student 311",87.4729739312977,90.6363344453179,-7.16065165279262,FALSE
"Student 312",101.838322357508,83.1422494797586,19.4010112160223,TRUE
"Student 313",96.5094927590443,80.3647288668779,22.306984354574,TRUE
"Student 314",96.3800557032765,95.3990813160855,-2.97023370737872,TRUE
"Student 315",102.965880425332,71.7642085053154,23.162549315319,TRUE
"Student 316",80.4901386820473,88.2371104956581,11.3502508277545,FALSE
"Student 317",97.9491973207879,76.8187505291342,25.7503880788779,TRUE
"Student 318",83.6810443786146,75.6422659358285,5.48443805166485,TRUE
"Student 319",106.403205418694,85.5286060727594,27.2305969103325,TRUE
"Student 320",98.9369383801228,87.9784412146013,20.541522773494,TRUE
"Student 321",72.9424233886534,100.203955437631,-13.1652640748825,FALSE
"Student 322",84.4669791204733,75.6303288795627,4.37237183925868,TRUE
"Student 323",102.413720661062,97.1801316595182,35.1818017059342,TRUE
"Student 324",99.6247778100007,77.1280861005583,18.0644441719388,TRUE
"Student 325",89.9176525075467,80.970137998119,3.68119220211341,TRUE
"Student 326",82.0773821842029,102.566594805231,-1.83178222341428,FALSE
"Student 327",82.4367133352185,98.0355766132553,-20.2633450122671,FALSE
"Student 328",94.7789736487706,81.4021083775778,-9.36737735075579,TRUE
"Student 329",86.3555245640574,85.1553638452149,-0.598436735778407,TRUE
"Student 330",101.952406279833,76.2105636178226,27.4071125463597,TRUE
"Student 331",68.6892058737388,84.6125392779263,-19.8720462902431,FALSE
"Student 332",77.5974598449704,97.8428319520881,-0.0197629920735807,FALSE
"Student 333",83.6516388529958,98.6561608666468,31.3695387432549,FALSE
"Student 334",72.7564415761498,73.2031163188945,-15.5535604738995,FALSE
"Student 335",83.2924968558943,93.171647876423,4.51640650665563,FALSE
"Student 336",80.0584675105636,87.2097680387981,12.8502134160002,FALSE
"Student 337",80.5793355140176,102.202202099031,20.9048765316233,FALSE
"Student 338",79.6960497067523,89.2009588877371,-0.800783317325298,FALSE
"Student 339",107.091382977618,75.2992456373388,15.8769522089091,TRUE
"Student 340",96.1644217468329,61.3099835870708,22.2583583043395,TRUE
"Student 341",101.280767347827,82.4325167186873,8.50046590840606,TRUE
"Student 342",93.8816289406825,80.3751335409813,23.2614504190351,TRUE
"Student 343",100.731333314598,78.7225978708734,17.7429352758094,TRUE
"Student 344",100.687933798546,79.7786811306744,26.3508753131131,TRUE
"Student 345",81.1734736967509,103.682520182246,-14.2114757099795,FALSE
"Student 346",90.5117240156428,68.8428920048018,14.495076577164,TRUE
"Student 347",72.5739783135391,77.4382139621163,-11.8217042802231,FALSE
"Student 348",83.6885891498364,76.3837090719702,-2.65723326048725,TRUE
"Student 349",67.3096593493496,78.902047786434,-10.5799734158119,FALSE
"Student 350",81.8811844409281,92.5876400985244,-11.0854415669957,FALSE
"Student 351",72.2808454108794,74.8033584000775,5.74728220202124,FALSE
"Student 352",98.2149089675996,104.09150224674,31.16788620592,FALSE
"Student 353",103.801460238208,75.1418490949944,21.3258074353362,TRUE
"Student 354",92.6336940488477,81.2420895149731,-21.7617213178119,TRUE
"Student 355",86.5077383577657,88.333898649712,12.0151547908122,FALSE
"Student 356",113.897836797453,85.5909305701897,43.5585478818737,TRUE
"Student 357",93.6557013690761,65.3981271259723,17.3191408590301,TRUE
"Student 358",90.2478831273771,85.169657946083,5.58594079753091,TRUE
"Student 359",80.6916746879357,103.861858515408,3.64055616077925,FALSE
"Student 360",70.6798262338248,80.8373991702085,-24.692727785393,FALSE
"Student 361",63.9560246750943,81.0187648317995,-29.976605506722,FALSE
"Student 362",66.1461920228803,82.0809178011367,-32.8176505582327,FALSE
"Student 363",87.7827369246334,67.9178623243105,10.1820433655209,TRUE
"Student 364",80.618824187249,79.2004243462746,4.55236395183167,TRUE
"Student 365",82.0943876891968,107.069763773372,-11.7075573341115,FALSE
"Student 366",92.5021923890139,83.6266030888155,-12.7014066740967,TRUE
"Student 367",75.2567651811556,89.7132447994101,-38.4748225206122,FALSE
"Student 368",87.4440581558055,90.9116236855222,-4.84541693227798,FALSE
"Student 369",81.1209450325603,83.0204792442236,15.7698141605002,FALSE
"Student 370",65.2405680677709,103.935953151867,-38.3663363075205,FALSE
"Student 371",93.0868324541464,80.8155768633271,-14.3301431427589,TRUE
"Student 372",82.5278784521052,92.6479905284043,-16.8837919878849,FALSE
"Student 373",79.9370746989846,100.570187625853,6.51881242437206,FALSE
"Student 374",85.9964597001766,86.1812417887843,-11.6023309302625,FALSE
"Student 375",82.7017100845084,92.0333937167195,-32.0419487616557,FALSE
"Student 376",93.7466130046734,89.2764516947862,-7.87817771553252,TRUE
"Student 377",83.1893918159966,94.2841044504015,-1.83277805862423,FALSE
"Student 378",93.0775893453905,78.3882297549934,3.67813142636523,TRUE
"Student 379",85.1603738183286,73.4486056247294,-10.9436445570222,TRUE
"Student 380",87.703950081211,86.2680524121192,-4.45176813413073,TRUE
"Student 381",73.6920807817677,57.8416397280879,-20.719409499685,TRUE
"Student 382",88.8824922237778,93.4487169060483,8.05350123976351,FALSE
"Student 383",106.499190003356,85.4936814527517,13.1668920792961,TRUE
"Student 384",93.933143948175,88.8094374061253,8.13327702123303,TRUE
"Student 385",93.7081542418462,84.1526528636196,5.72754321708427,TRUE
"Student 386",72.9770245658977,81.9591844564892,8.04711103089322,FALSE
"Student 387",75.8034502814877,89.0558360444313,14.6376084890034,FALSE
"Student 388",103.007089657909,60.6883799340075,-1.35749976778324,TRUE
"Student 389",90.2751400994387,93.3687514424086,18.3233326635342,FALSE
"Student 390",90.7336296466431,103.589522836955,-19.5911378998567,FALSE
"Student 391",73.8920689391697,89.2667645082237,-21.9573686610229,FALSE
"Student 392",83.0689136694186,64.6854805455559,-5.89015246517749,TRUE
"Student 393",95.856634651424,79.8830361848553,-5.51692269464685,TRUE
"Student 394",95.0870776606022,82.5969545226437,15.5833428060044,TRUE
"Student 395",83.8343981226543,78.7107594328968,20.4246772274423,TRUE
"Student 396",99.3441091585459,65.5321432338687,27.9139673355804,TRUE
"Student 397",90.3967103770245,91.126522992958,12.7434398859892,FALSE
"Student 398",87.596445154702,95.0814819665307,0.761978796958942,FALSE
"Student 399",79.6762943454759,75.60097192916,-13.4089181963507,TRUE
"Student 400",85.4369100754877,63.8537563027061,8.27300057360833,TRUE
"Student 401",79.3262379682269,103.980203646583,8.67957247981819,FALSE
"Student 402",80.4646294349668,91.6271998198513,-2.41216591626515,FALSE
"Student 403",74.1108952977361,74.4784259555447,-18.7860781982133,FALSE
"Student 404",78.0366005305547,87.3289580252079,-33.4861693703306,FALSE
"Student 405",97.7251503265123,73.7267952205958,0.431363102465085,TRUE
"Student 406",89.0948074491254,73.2883690648316,18.3849391392403,TRUE
"Student 407",96.931116816384,75.217940785543,16.1077724487929,TRUE
"Student 408",90.0253421370769,84.7531374865628,-0.129689805784722,TRUE
"Student 409",78.4638957365945,103.2280849413,-14.703864025535,FALSE
"Student 410",59.4621656304296,80.3617409996944,-36.5744239744887,FALSE
"Student 411",78.3653027765612,90.4302063769712,1.87298033844573,FALSE
"Student 412",85.3889730531484,89.0660388594081,-4.44532029158532,FALSE
"Student 413",105.501961273725,60.8489264759684,-4.64838121854476,TRUE
"Student 414",78.7527721445738,84.6251991320268,-33.2073548036461,FALSE
"Student 415",90.7218252058557,88.3660696308915,14.4069385357734,TRUE
"Student 416",89.1349849769478,65.9382906121989,13.8187307091636,TRUE
"Student 417",61.2702799348258,88.305225773617,-33.6839018328544,FALSE
"Student 418",82.3485028575718,76.9085884175945,-10.1970280522673,TRUE
"Student 419",92.3269195341372,100.291420071711,17.5057909099791,FALSE
"Student 420",73.9782525084928,75.2911485627917,-7.03405334601385,FALSE
"Student 421",84.8897885589906,76.4680254816735,-20.3821246388605,TRUE
"Student 422",79.9813351910517,87.6910176910481,-11.942117293955,FALSE
"Student 423",72.6519618120503,71.8673758781625,-9.6706894329963,TRUE
"Student 424",97.0797429456469,66.6526420271292,6.05590413903218,TRUE
"Student 425",82.9155020798076,59.4192735195238,-13.5515898746387,TRUE
"Student 426",80.7634860802587,80.3943375863375,-14.3019729568871,TRUE
"Student 427",72.6687088347177,80.9188132322695,-0.668766829502189,FALSE
"Student 428",99.5809014046252,94.8677516841702,13.5896329927479,TRUE
"Student 429",96.8669553020753,93.9349138126351,17.4987763927249,TRUE
"Student 430",98.0966360018188,72.8479168768345,7.66723052574332,TRUE
"Student 431",75.4856048216479,91.1900016875227,-4.82269792141274,FALSE
"Student 432",80.4677892485365,85.6971744429666,-1.25471656716476,FALSE
"Student 433",71.8864746562013,93.7723921968316,-24.9516599718435,FALSE
"Student 434",81.1473871298779,87.4613794475241,-8.61139404772203,FALSE
"Student 435",56.5638417613561,87.7552215079384,-18.217333166882,FALSE
"Student 436",85.1197698800116,94.194119889336,14.1169724102692,FALSE
"Student 437",86.3001559521079,93.2142944857363,-11.2993007711503,FALSE
"Student 438",98.7207525809366,77.9438426762174,-0.39978436500985,TRUE
"Student 439",94.3645307795378,99.6317867794064,22.1044224866711,FALSE
"Student 440",77.8547171109178,77.1620159665618,-7.32507781039361,TRUE
"Student 441",86.3866000990431,65.844957089719,-10.1203690836586,TRUE
"Student 442",70.844603140416,76.3980607343432,-5.04939584309265,FALSE
"Student 443",88.4087893083285,74.5505328025709,-2.76572374544824,TRUE
"Student 444",94.1699315108862,89.713716936976,14.0389264056413,TRUE
"Student 445",69.3056162968576,64.1461829776611,-24.2974935795796,TRUE
"Student 446",89.2196733202798,79.5241278580739,5.33494319401284,TRUE
"Student 447",95.3251023037228,76.1884621327514,7.64129974892802,TRUE
"Student 448",108.5118459182,105.6760955484,54.6695980948222,TRUE
"Student 449",85.2497793606436,90.9955430964328,9.57570624932413,FALSE
"Student 450",89.4602433886084,98.0252410882044,-11.0588800159656,FALSE
"Student 451",91.4272147748787,78.143138139267,20.6454211860256,TRUE
"Student 452",75.098441495844,64.858025252088,-3.67790312734674,TRUE
"Student 453",88.1787749108439,92.7780764025657,-22.6985580615854,FALSE
"Student 454",91.8900407738977,93.3449771979142,10.7781700244919,FALSE
"Student 455",78.1399092841533,74.886564803438,-24.0218636263898,TRUE
"Student 456",74.9367735662836,63.6539471208276,9.8570950509188,TRUE
"Student 457",81.5236705845697,84.0044395839626,8.18766959522097,FALSE
"Student 458",96.2393120857497,91.620930109968,8.91682815405862,TRUE
"Student 459",88.7048590555027,69.7023327745908,18.3033961563252,TRUE
"Student 460",91.166439653064,65.2461654552996,14.5631982253247,TRUE
"Student 461",79.1513923057758,87.2886376500046,-20.5203209780304,FALSE
"Student 462",74.5018713688502,83.285646849018,-31.0950123388191,FALSE
"Student 463",87.0230424346996,94.8336768109696,2.15511232771973,FALSE
"Student 464",98.6789611443115,77.4953980279811,15.6921256641852,TRUE
"Student 465",83.8651272279065,79.5755052787223,15.9909844806976,TRUE
"Student 466",109.870715192793,69.6449911880787,19.4167376585686,TRUE
"Student 467",72.3167847898802,98.4509942200918,-21.7081674932681,FALSE
"Student 468",82.9401852971267,99.6031943832514,-22.8584369164428,FALSE
"Student 469",86.1242600653403,77.3833658219686,4.46919726222529,TRUE
"Student 470",92.2866716696939,80.7625604899758,1.39074652896015,TRUE
"Student 471",98.5085279516063,84.8314113274128,15.3147715633134,TRUE
"Student 472",75.3950013743132,101.317250918875,-9.54482749540746,FALSE
"Student 473",92.4767484479556,93.0868458382497,8.67138198996636,FALSE
"Student 474",89.180828648492,92.2004327132981,8.25806052955299,FALSE
"Student 475",91.1568738931058,65.5110866107157,12.5158097439489,TRUE
"Student 476",88.7592302048548,78.4441848450427,-0.768665980003362,TRUE
"Student 477",77.9814861443594,83.9941904737458,-5.39953536485088,FALSE
"Student 478",85.3417187900312,96.3098138158761,-10.3659266045695,FALSE
"Student 479",83.9770198690753,79.5122191294937,8.21533392335685,TRUE
"Student 480",84.9861522029428,76.0411154099909,12.9114281974042,TRUE
"Student 481",90.2475022725972,68.8264009634058,-21.8020829154032,TRUE
"Student 482",94.2276155920915,73.0334305657329,7.56667126452996,TRUE
"Student 483",86.4478663033743,74.2768066352011,-17.4828623148476,TRUE
"Student 484",88.6886435062732,83.5230426827411,1.86701687985331,TRUE
"Student 485",97.4037228945451,96.5349144945203,1.80733748386339,TRUE
"Student 486",87.8295615089036,70.9585344590686,13.0972906080349,TRUE
"Student 487",81.4551853918232,65.2424452232164,12.7715662027494,TRUE
"Student 488",87.5967014174466,71.6767689452365,-9.04966761909992,TRUE
"Student 489",90.52519720006,82.1786443139109,4.79802136036201,TRUE
"Student 490",90.2539460499842,94.3665308781938,-0.0198492672711552,FALSE
"Student 491",83.5159932857136,95.3444365066468,24.8959256945342,FALSE
"Student 492",79.7524403634262,76.3066196740643,3.48554416957099,TRUE
"Student 493",83.6670046876786,80.8509673871232,-10.7987067115876,TRUE
"Student 494",103.029639845217,86.0177147289199,18.0305096402061,TRUE
"Student 495",72.1656849613409,74.0787657834077,5.60217016113354,FALSE
"Student 496",83.3703206553201,87.9516309401417,2.41682749196514,FALSE
"Student 497",86.8828848389586,88.9679845989705,-6.87036629236503,FALSE
"Student 498",91.5245516904274,99.5901126539124,23.4076967307885,FALSE
"Student 499",93.6253884307853,87.3301322352471,8.93601042128351,TRUE
"Student 500",86.0413843595441,57.560022831026,-7.35111812520472,TRUE
"Student 501",105.326186798084,71.9368734489931,9.81416793279615,TRUE
"Student 502",77.4431255290679,97.724773967167,9.72303895326004,FALSE
"Student 503",89.0849619012467,84.8921391068675,1.27232191063541,TRUE
"Student 504",103.763429261191,87.341365110145,47.1026785242006,TRUE
"Student 505",74.0794063604004,70.6302670114306,-20.7651941987827,TRUE
"Student 506",77.5823621825984,79.24827450414,3.72082338160475,FALSE
"Student 507",71.6093677205852,94.0517405483264,-18.2720676589082,FALSE
"Student 508",77.6062853096014,66.2109942067777,11.9733196307108,TRUE
"Student 509",84.5208432477297,74.2485856379212,-19.0127562059004,TRUE
"Student 510",98.0474137607802,102.03114470665,15.4524126438474,FALSE
"Student 511",94.1612599579169,77.7689422418478,12.4056702487603,TRUE
"Student 512",91.8096940093877,109.447568544829,17.0406731967812,FALSE
"Student 513",89.0080477532443,88.3788823377617,10.8555159624513,TRUE
"Student 514",92.0493513430158,109.50095910937,-3.32636178492857,FALSE
"Student 515",95.7472595126679,97.6436104593596,17.6837248246172,FALSE
"Student 516",87.4127930129061,38.0928898136828,11.0032223039337,TRUE
"Student 517",85.660115068348,65.2436089951093,0.0583523110797159,TRUE
"Student 518",76.8784364493291,101.27306512092,-9.72506915851972,FALSE
"Student 519",84.8423412484595,72.3548885892085,-4.83231748728053,TRUE
"Student 520",77.7110226532502,89.054495716701,-14.4010802613175,FALSE
"Student 521",110.712990475959,92.4958350836055,32.9901796995216,TRUE
"Student 522",89.3832244386648,81.3994208511245,27.5020720420928,TRUE
"Student 523",104.383319688864,106.157160915821,15.9228119003776,FALSE
"Student 524",85.6834632740982,67.8368723192403,-6.20146742366923,TRUE
"Student 525",96.915279841858,84.0569565090514,-4.85597006193794,TRUE
"Student 526",93.1126458177372,82.3152883651679,10.0758923035056,TRUE
"Student 527",82.3713132917514,87.928623868147,-16.5410800063546,FALSE
"Student 528",82.0353610473471,83.0242431168289,9.93426174110924,FALSE
"Student 529",90.814484759259,95.9254596490612,-9.19658894577637,FALSE
"Student 530",83.3738202256178,71.3432957088955,-18.5238112228128,TRUE
"Student 531",95.5892250477933,69.758257618381,17.8356202918268,TRUE
"Student 532",92.9769684512162,87.7560964597931,-13.4110837299079,TRUE
"Student 533",78.9694852299129,84.5363415520036,-21.8195142779572,FALSE
"Student 534",98.6783206098983,87.2158493178317,0.792533672592114,TRUE
"Student 535",72.9430294246935,82.4771083103908,-17.9435111729101,FALSE
"Student 536",82.3109712545435,79.6576178606479,-2.89278249798353,TRUE
"Student 537",89.0016762196274,86.2152022403271,-0.538304975500452,TRUE
"Student 538",86.6616708427874,80.3178097754548,28.9665817829063,TRUE
"Student 539",97.4582895793753,74.8334181174969,-3.27219976420635,TRUE
"Student 540",102.785035441033,85.8945978861324,19.0814952144025,TRUE
"Student 541",84.4486362583228,91.9969180548798,4.50291691772306,FALSE
"Student 542",83.564555567005,81.2742460421867,2.84288259484413,TRUE
"Student 543",109.384452539842,100.018121559643,-1.89504808918463,TRUE
"Student 544",88.9164536489672,83.9632062677561,3.66327659030445,TRUE
"Student 545",79.9246405266543,81.2729705314541,-7.27253766545819,FALSE
"Student 546",80.9286155024918,64.0622517347956,7.70427012757165,TRUE
"Student 547",79.0024194567861,80.5862687214174,-8.69884302879468,FALSE
"Student 548",93.7322491436252,63.6629574192448,-15.5784467634308,TRUE
"Student 549",81.0360572030578,95.3817203130718,-19.298459984198,FALSE
"Student 550",63.0112419882325,114.5330720882,-12.3742624857539,FALSE
"Student 551",80.6099224229381,96.2402646334723,-5.85737941989738,FALSE
"Student 552",99.2418420260519,77.7132844370943,31.1404141044908,TRUE
"Student 553",67.5809404445387,94.427546142665,-26.7289968911541,FALSE
"Student 554",85.8875217185441,90.5797640565486,-11.7298290525842,FALSE
"Student 555",68.1745494577611,96.6665805511216,-10.2667817392966,FALSE
"Student 556",88.8094814981819,92.2994712843473,-17.1809948455856,FALSE
"Student 557",79.3992872044996,91.3379416992636,5.89666283819625,FALSE
"Student 558",76.9091824232704,68.0776358797399,7.14934455500267,TRUE
"Student 559",80.5042495050921,87.3800481134583,-12.773657960993,FALSE
"Student 560",106.81408384374,80.245944891043,16.9318503912839,TRUE
"Student 561",82.6376773697375,84.6042094377868,7.70976684544857,FALSE
"Student 562",92.3138608148519,91.869929873381,22.7889898306894,TRUE
"Student 563",86.3598930859519,80.8736623270868,12.5663956119844,TRUE
"Student 564",94.4541025251168,98.8316790198212,-4.83165234390167,FALSE
"Student 565",98.3853304019173,90.3554075834362,30.2151574368222,TRUE
"Student 566",81.8514181673139,74.366517224616,-9.50775877175492,TRUE
"Student 567",68.4851232240587,86.0418148024525,3.14901206147657,FALSE
"Student 568",76.8618134698461,84.7398045365538,-18.9926849283493,FALSE
"Student 569",79.7224601488602,79.9849514038874,4.2712552061457,FALSE
"Student 570",86.1512458041648,89.7585404388897,-0.121695423251197,FALSE
"Student 571",88.9933768516559,79.222782338557,14.7216472870993,TRUE
"Student 572",91.6550833728024,92.3712379065547,25.2505559251995,FALSE
"Student 573",92.8165314372189,57.9067527378171,4.85339303640468,TRUE
"Student 574",92.2238075690572,91.9548856652157,-5.37379005210465,TRUE
"Student 575",73.7578311655544,84.1152990470645,-21.4938705962209,FALSE
"Student 576",93.3453461653463,68.5146202805337,-5.49286228086947,TRUE
"Student 577",90.7339680047317,80.8371905774192,19.3935218882542,TRUE
"Student 578",102.511612506212,69.8728809982506,8.83956325977962,TRUE
"Student 579",103.550392171448,82.3179273105433,12.4617157930621,TRUE
"Student 580",92.5134204930297,83.7953066093356,7.06615522966662,TRUE
"Student 581",87.2136163321345,95.5273483317318,-8.73968812260335,FALSE
"Student 582",85.9026548630417,79.0102558941567,14.8303424695405,TRUE
"Student 583",63.2381794294239,83.6357908217839,-27.6293221584077,FALSE
"Student 584",85.0693965280287,90.3633543890247,11.3287569914716,FALSE
"Student 585",100.815305526015,69.7047658703299,11.920537924813,TRUE
"Student 586",75.6644071908623,70.6304083293256,-23.7922541140437,TRUE
"Student 587",92.9204014846661,71.3163031164771,4.9737679835988,TRUE
"Student 588",81.6439346060717,67.1854528022559,-13.3416272530636,TRUE
"Student 589",90.234905563507,88.7044400113233,17.5550123151419,TRUE
"Student 590",84.6286001326196,74.6299353709962,-33.1212293858077,TRUE
"Student 591",85.784498968635,87.9985194830959,-13.7320424321779,FALSE
"Student 592",90.9796763098616,94.2234063522302,-4.43574454618502,FALSE
"Student 593",103.135958483103,112.776085400709,-0.581182509023904,FALSE
"Student 594",97.0967254903035,65.5614024652667,21.8488539337012,TRUE
"Student 595",78.9782397795276,81.2113224991329,-10.2690124718572,FALSE
"Student 596",74.7006465655737,79.7367106327845,11.5806009540592,FALSE
"Student 597",84.8117616613733,86.9230835942028,-17.0128914315005,FALSE
"Student 598",84.2594045721957,86.9000223158298,-23.3538132228531,FALSE
"Student 599",87.5902886337862,69.6826443602517,19.0905147853392,TRUE
"Student 600",78.9365235328781,98.4003623655536,2.70959701344822,FALSE
"Student 601",91.4173516118184,83.1661946930561,4.46594536111505,TRUE
"Student 602",108.810230273261,93.5251509792874,15.3866361475912,TRUE
"Student 603",71.9915860484394,95.4456419924304,-20.5492890973392,FALSE
"Student 604",79.5297076177657,64.3285313255207,-23.9041835082012,TRUE
"Student 605",80.0698511212778,89.4701659450624,-16.9210119663794,FALSE
"Student 606",83.0356117370004,76.2855082904431,-9.6418981119143,TRUE
"Student 607",79.6999089769701,109.169627152044,26.7153311442889,FALSE
"Student 608",100.783261981448,85.2287128774812,13.2590833507177,TRUE
"Student 609",89.3396488947487,82.5809585966404,1.44980722582856,TRUE
"Student 610",95.3684668424656,77.4648400142301,11.8226298107483,TRUE
"Student 611",86.1555753276834,70.6320455292377,-16.5134814836223,TRUE
"Student 612",79.0076385232355,84.0879889428995,-24.673908799589,FALSE
"Student 613",84.0169107125693,87.0234855799169,-19.2433684374795,FALSE
"Student 614",74.4577901686868,89.7943727304347,-5.18259662935856,FALSE
"Student 615",79.4542087892227,77.9229656672107,-2.99330420380393,TRUE
"Student 616",96.3028231188755,99.9433481546287,2.19744043128229,FALSE
"Student 617",89.9410954322092,101.795793890557,17.2732789109823,FALSE
"Student 618",78.9863426732087,90.9896446372053,-7.74086020222012,FALSE
"Student 619",100.491815153088,97.5165845471384,-4.39679229058579,TRUE
"Student 620",74.0405426716954,59.6290490873004,-9.35857370259873,TRUE
"Student 621",73.058321387377,81.8643566121092,-11.0523323215592,FALSE
"Student 622",94.0826017332906,83.4459053478098,28.3233769388157,TRUE
"Student 623",80.4782245232815,80.4806021328538,-8.06763581218301,FALSE
"Student 624",88.9724441794085,100.363803235178,3.00899091276543,FALSE
"Student 625",109.030153508969,74.4459977551752,19.27834867323,TRUE
"Student 626",79.3330869708828,74.3245214929403,-1.67059724317438,TRUE
"Student 627",82.4302947563954,65.5226385208416,10.4765553059319,TRUE
"Student 628",93.1549171730391,97.1038361597462,18.6573721239931,FALSE
"Student 629",94.8204651495201,99.6658366722979,18.8054045489945,FALSE
"Student 630",75.4137688098932,99.5176761875686,-6.3456122235917,FALSE
"Student 631",92.930455337011,96.6451649344914,11.5674159666117,FALSE
"Student 632",84.8343215841063,96.4054712556886,14.3406668795164,FALSE
"Student 633",99.5130732435205,90.6441054060587,32.6676156703415,TRUE
"Student 634",88.0054653270128,82.3752321568493,25.8998888767324,TRUE
"Student 635",82.2515589838285,122.188279698442,1.81256457241622,FALSE
"Student 636",80.2105801230561,69.3439902339151,-17.4506326359953,TRUE
"Student 637",92.3673803604962,74.5413231822171,-1.08863535920528,TRUE
"Student 638",83.9007035173999,59.2321866552593,-2.65414126901354,TRUE
"Student 639",90.7809851123048,71.946848677973,11.2123542103535,TRUE
"Student 640",95.783748972151,108.164618914213,9.02663186341474,FALSE
"Student 641",83.5637693593638,89.5057465625837,-14.9013257004845,FALSE
"Student 642",105.195894342645,84.6954646866584,20.6252076320869,TRUE
"Student 643",92.556845249256,95.98419896007,-6.76757539692733,FALSE
"Student 644",80.7456751687222,76.2638662062725,-1.99964416683439,TRUE
"Student 645",78.9447852654192,119.463284918668,-23.3107300347168,FALSE
"Student 646",79.8407324054478,81.1428128347286,3.44414665590277,FALSE
"Student 647",95.6865488895601,63.3793647762482,-0.326986548493835,TRUE
"Student 648",103.434059698975,90.5724207032578,10.2862481465569,TRUE
"Student 649",79.9527972153406,116.373028807566,-1.16436290977923,FALSE
"Student 650",88.6164666023486,88.6319642602828,-12.8773290270356,FALSE
"Student 651",82.8720597679628,71.7935327245238,5.56600225947898,TRUE
"Student 652",92.0995624439255,76.4786678406569,0.0610207288149383,TRUE
"Student 653",97.9765435922843,96.9066821686009,-13.7529169051123,TRUE
"Student 654",77.9220544624531,79.7882573305016,9.68319004052167,FALSE
"Student 655",83.5024386389966,74.1411238025435,3.90942653429218,TRUE
"Student 656",92.8254113214415,98.8021119491426,10.7990901126048,FALSE
"Student 657",82.1673431822228,119.472333638758,-19.8465928089422,FALSE
"Student 658",83.6816938242067,74.5559873777173,-15.8555450548463,TRUE
"Student 659",80.900422418304,79.9214935121729,-14.3134480804925,TRUE
"Student 660",90.3141570774334,86.1241130446878,14.9077620880708,TRUE
"Student 661",84.1193268827326,89.3179782773771,-12.0373843436652,FALSE
"Student 662",76.9553905802187,106.659289100085,-0.687512744220413,FALSE
"Student 663",88.3539187168197,98.0084182169121,-14.1065019349278,FALSE
"Student 664",91.996411669411,111.805653627633,8.94165205199141,FALSE
"Student 665",86.0630233613436,79.2414441322432,19.7181943233723,TRUE
"Student 666",96.4922234911785,94.8610865508833,23.6883733560928,TRUE
"Student 667",99.362049130737,82.0435015526923,16.2643100989539,TRUE
"Student 668",96.598560353662,74.357252571104,9.36408777360472,TRUE
"Student 669",79.0682002235491,93.7369893665739,6.43386061331429,FALSE
"Student 670",90.2317189143563,109.165102651084,5.97472689812342,FALSE
"Student 671",100.307720507391,91.8194250124317,41.1934847227731,TRUE
"Student 672",81.3335332672062,94.0541429134627,-19.4562724046468,FALSE
"Student 673",87.6835776218402,75.9405831047438,-6.58577796198392,TRUE
"Student 674",88.727908474276,86.652482984152,-19.6322440370407,TRUE
"Student 675",99.6121249314954,105.747879500198,5.68005382246048,FALSE
"Student 676",81.2516119559262,99.5516899002441,-23.7134048887273,FALSE
"Student 677",96.8704533013168,88.9376994913758,4.05622729131878,TRUE
"Student 678",86.5334941018151,95.1801323651382,6.68280076024097,FALSE
"Student 679",91.8473606547187,91.9012176791285,2.08665323500298,FALSE
"Student 680",84.7688140552044,100.158007458745,4.59194211216847,FALSE
"Student 681",84.8163436114305,75.8016803212204,-19.2007921575981,TRUE
"Student 682",102.11252995609,89.724713672707,36.99371785221,TRUE
"Student 683",87.8824183431256,89.5977652165949,-1.31874287686689,FALSE
"Student 684",80.2306395734603,87.5123144426958,-3.51673766093623,FALSE
"Student 685",79.8016990143334,86.2994584571392,9.13236985656499,FALSE
"Student 686",85.5475293090227,52.6797551275285,15.7562945558222,TRUE
"Student 687",93.6315724790078,101.187370185088,11.7519339389602,FALSE
"Student 688",74.8712648798899,79.2044626221602,-19.753289049445,FALSE
"Student 689",85.0128127684954,86.1533767850643,16.2077535409737,FALSE
"Student 690",85.3922169093717,89.9610076579243,5.41058759310208,FALSE
"Student 691",77.0744192761431,91.6102954106354,-17.200909408963,FALSE
"Student 692",79.923349221035,82.0631241883994,-9.10867507218107,FALSE
"Student 693",91.7742926482381,110.15686730024,8.37120370826732,FALSE
"Student 694",82.6747532110291,81.9527187036804,-6.11683342381262,TRUE
"Student 695",93.7663670185013,91.3233691625573,-1.12930490913509,TRUE
"Student 696",68.2940541593315,70.2881188776614,-41.6847254418703,FALSE
"Student 697",95.5312441895807,81.5743980300377,5.6203702806537,TRUE
"Student 698",66.4709895209039,87.0173898350505,-18.9814480005204,FALSE
"Student 699",95.7122509866822,75.1796546285854,21.8973000694481,TRUE
"Student 700",101.594075556743,101.100048705453,12.8711662938255,TRUE
"Student 701",109.06312833606,89.6825198404594,41.7670013667332,TRUE
"Student 702",112.630690636189,77.4581392783435,2.44519247556781,TRUE
"Student 703",89.1289729308656,102.726385182589,6.63066066281701,FALSE
"Student 704",84.3874808613239,105.982600589174,-13.5483185714707,FALSE
"Student 705",95.8311813981192,72.9525869292728,32.7645855224408,TRUE
"Student 706",100.570717651932,101.555678780046,18.269862605149,FALSE
"Student 707",87.240180025424,99.069435741136,5.19121754202489,FALSE
"Student 708",86.7962172147516,90.4284163398133,19.9396483397099,FALSE
"Student 709",80.4921125022394,79.0662970452343,-12.6372412381392,TRUE
"Student 710",86.3093339478344,90.6980417864995,-7.79476370216993,FALSE
"Student 711",84.0937564498352,89.3629433746342,-12.7673288245197,FALSE
"Student 712",86.5863134916333,79.1873225523658,17.560044641944,TRUE
"Student 713",106.280456137304,94.1812479743433,40.3049163449666,TRUE
"Student 714",76.8056019811553,78.8933218126407,-18.6969012358032,FALSE
"Student 715",82.4654015187435,90.2776520401702,8.75520019779165,FALSE
"Student 716",96.5785067342871,88.909286092687,19.3138896208935,TRUE
"Student 717",72.408618329805,88.771634222908,-21.4458572868379,FALSE
"Student 718",92.7449444516357,75.0182274960767,11.0705086206425,TRUE
"Student 719",89.7226439468148,90.0329242633065,7.04858893657475,FALSE
"Student 720",90.2723550887612,101.81056260626,4.71445999814499,FALSE
"Student 721",93.1362884789529,115.970887311355,2.89537158003907,FALSE
"Student 722",77.1621695849975,92.0671555680075,0.126745196098042,FALSE
"Student 723",89.4717703765572,93.1784973682949,4.38660022705041,FALSE
"Student 724",89.0343299077848,108.043826232954,3.67703963071591,FALSE
"Student 725",79.1191532329616,96.5749482518011,-25.7011875354419,FALSE
"Student 726",82.6063544218236,98.2691181607185,-2.93178116092152,FALSE
"Student 727",101.754780943962,91.5135534565491,-1.8572765623986,TRUE
"Student 728",84.0901158565809,85.184586916335,-15.3051677287427,FALSE
"Student 729",94.7410277086428,92.3337454765243,-2.75499756079181,TRUE
"Student 730",113.105025207057,95.2019034593155,14.6103256984273,TRUE
"Student 731",83.1370695884452,101.099496229566,-2.37809986279765,FALSE
"Student 732",92.9578018219115,83.237441494027,31.2936501442572,TRUE
"Student 733",90.5091391243326,84.3537041928427,6.94630285238192,TRUE
"Student 734",81.6218597456297,84.9942273794894,-1.76148728698342,FALSE
"Student 735",81.9785799589758,80.5246704478564,-15.6841480861398,TRUE
"Student 736",73.1193572763488,74.3870127163782,-7.53114641359738,FALSE
"Student 737",88.5922892250834,90.3740189752461,6.26285262076793,FALSE
"Student 738",89.7153300607983,75.5152469858344,2.58754896320174,TRUE
"Student 739",75.8981169273675,85.540178875871,20.568323590656,FALSE
"Student 740",85.2927639890026,75.9855065490651,16.9164757359616,TRUE
"Student 741",91.0884272523368,86.8519660165264,26.3233631466947,TRUE
"Student 742",83.3289302219913,93.0164104671174,-11.4800180194737,FALSE
"Student 743",91.3206446067447,87.7049865541071,0.571588873738804,TRUE
"Student 744",73.0272342344293,76.5680331601872,3.45355205542602,FALSE
"Student 745",98.6293539197248,101.014016462269,31.5650509601121,FALSE
"Student 746",92.1104019695554,101.476915982521,17.4739752499947,FALSE
"Student 747",104.058213920563,83.7391457860249,1.64142530101185,TRUE
"Student 748",103.124038603811,86.7634706409312,24.6530049591978,TRUE
"Student 749",89.8679220592559,90.7806369806769,11.02883653813,FALSE
"Student 750",94.0166581159536,80.7089268416934,7.81949359862284,TRUE
"Student 751",85.7447576893252,96.3505124594871,-2.20753942004681,FALSE
"Student 752",80.7101015104184,72.6772592244367,-14.1351133525641,TRUE
"Student 753",68.5640187427493,90.6480651883489,-34.748111654529,FALSE
"Student 754",83.8781293572177,74.6362996064271,9.91213294604815,TRUE
"Student 755",95.4625828624726,88.308842651426,11.9900009897838,TRUE
"Student 756",80.5038215700535,60.8083605517215,4.83771228580362,TRUE
"Student 757",85.8445294569886,102.072560452154,8.70982865963087,FALSE
"Student 758",76.3921545929529,90.4888357795344,-33.3746580401262,FALSE
"Student 759",90.8123755696197,99.5444821409081,17.9146805919497,FALSE
"Student 760",100.150945102696,104.517099757893,11.2280537059711,FALSE
"Student 761",96.3500680066613,94.695854411912,-8.59989215601195,TRUE
"Student 762",116.873478780876,75.5925173148927,38.911409666222,TRUE
"Student 763",97.8523599627033,68.9468153070915,17.1931777157199,TRUE
"Student 764",74.9709580023164,103.388867808894,-7.3305573092737,FALSE
"Student 765",93.6796811284772,86.8505759566679,9.0689128870027,TRUE
"Student 766",91.9909339361829,99.7262420918081,26.6338729589315,FALSE
"Student 767",72.5168827382411,90.0888646357582,-5.21054815233698,FALSE
"Student 768",88.1170141245353,66.6973009868185,2.85166323216644,TRUE
"Student 769",96.6413534643821,90.2923780880223,8.01908411568557,TRUE
"Student 770",84.5270392552097,76.9253317829454,-22.0505487277184,TRUE
"Student 771",92.7557029911897,85.9792204277676,33.2202263912674,TRUE
"Student 772",87.0213724870591,97.5223448774632,-16.0262813290647,FALSE
"Student 773",65.9608917640338,72.6073999248026,-8.26267617744185,FALSE
"Student 774",78.61652439665,96.7005944812431,1.36249782497036,FALSE
"Student 775",82.5573731672425,80.5519531429107,-26.1528355562821,TRUE
"Student 776",78.7212901370104,89.4571460305986,32.0409752358039,FALSE
"Student 777",102.352122314183,71.4594893476652,9.62241699885982,TRUE
"Student 778",86.111867767411,97.7385230520738,10.2249630084883,FALSE
"Student 779",70.9994167007098,76.8971087527132,-8.93659611217778,FALSE
"Student 780",103.22083142312,74.2729893521658,35.9063267624121,TRUE
"Student 781",83.5277726037909,65.2531475528896,11.179376123957,TRUE
"Student 782",82.5187420128311,76.962276936991,-0.726559472038375,TRUE
"Student 783",102.061121112884,71.9490313499932,30.4962440067319,TRUE
"Student 784",85.8788314137605,82.6896778417385,6.5455250870443,TRUE
"Student 785",89.471145283427,71.2817406192115,6.05703551089461,TRUE
"Student 786",94.4037587971382,83.8183635646207,4.34701100882016,TRUE
"Student 787",83.4598222894167,98.29971828005,-3.49403788156333,FALSE
"Student 788",73.4784473741021,93.0298159016866,-5.46363758937376,FALSE
"Student 789",93.6689566026609,62.2588209840154,3.68915304480522,TRUE
"Student 790",80.2397080643017,77.6866450358783,-21.5755572875416,TRUE
"Student 791",83.8589880712816,90.6567713651938,15.9942884936917,FALSE
"Student 792",83.4320247260824,88.4351277340705,0.978620512452665,FALSE
"Student 793",96.420854630308,94.6144875522525,3.30252936039156,TRUE
"Student 794",77.6262333578948,89.0574213521751,-14.5015949450022,FALSE
"Student 795",84.7654904554609,106.138523842141,10.2518708580655,FALSE
"Student 796",86.4376703392701,87.3598781130427,-0.10355913320798,FALSE
"Student 797",100.120369167808,97.7109886394759,25.5100340102918,TRUE
"Student 798",71.6019703263132,79.5844734091877,-17.4508151812188,FALSE
"Student 799",77.7642694192364,89.2642275840592,-14.0621929786709,FALSE
"Student 800",85.6730203709805,87.1251817241745,-10.5661975526671,FALSE
"Student 801",82.7915975936302,90.8879533697759,-16.5746382092617,FALSE
"Student 802",64.4375328998652,94.8860727040031,-21.6082535593584,FALSE
"Student 803",89.2032152830058,89.1139368818206,-10.6462592252688,TRUE
"Student 804",100.724912210578,65.2622136605219,8.77595194943999,TRUE
"Student 805",74.6061205123344,76.6677235233899,-26.6356519244513,FALSE
"Student 806",81.2625739223197,88.9411395516052,6.16674999127713,FALSE
"Student 807",84.177111938411,104.406258615637,9.94158068565859,FALSE
"Student 808",100.761710621252,93.4841505380806,13.8805981906899,TRUE
"Student 809",88.7753650044124,95.2060102776359,3.26313486972477,FALSE
"Student 810",82.1421401273237,95.8377512036659,-5.30700473701049,FALSE
"Student 811",80.8269353207471,97.3436399576129,21.9651653788423,FALSE
"Student 812",86.1143490335733,73.9165041032718,-1.28493875476248,TRUE
"Student 813",78.6691185494593,83.1834363782961,-0.978955656801062,FALSE
"Student 814",86.8190855553198,93.5603150421388,2.53173589649383,FALSE
"Student 815",81.6724401082492,84.8311058695305,-10.2576872925994,FALSE
"Student 816",88.8486391401858,85.6428039252312,-9.69423822339265,TRUE
"Student 817",94.7304356534445,78.0832450320123,6.37134595171943,TRUE
"Student 818",89.0038806936052,110.948804847052,-11.9496242975186,FALSE
"Student 819",82.503703732985,66.7110858962043,17.7424488532574,TRUE
"Student 820",88.3277590857387,84.3309539648812,-3.57424462029957,TRUE
"Student 821",93.3682166357166,86.0809956277779,3.67411713563013,TRUE
"Student 822",78.5313278837148,89.5106314714648,-4.47611022746692,FALSE
"Student 823",106.197358546867,123.495834819907,15.958386886111,FALSE
"Student 824",94.327349676471,89.8693874578218,9.68386000109933,TRUE
"Student 825",92.9820286541528,73.1040883697447,2.33223951788129,TRUE
"Student 826",104.020694933102,81.5337564427895,24.1664549171109,TRUE
"Student 827",84.9397631094966,78.501281155847,5.53634121919775,TRUE
"Student 828",82.281324482718,64.3563020538036,0.43438721881212,TRUE
"Student 829",98.0629047079182,89.5502473684027,-5.29749733814921,TRUE
"Student 830",81.3121774949114,85.3778948846142,-9.79176974315972,FALSE
"Student 831",79.8773817849537,87.1063174292517,4.18134375314013,FALSE
"Student 832",86.0928950927666,93.0676324313534,24.8910564296424,FALSE
"Student 833",94.7096790226234,83.1812253749007,16.5716059984721,TRUE
"Student 834",88.945584899849,77.0022759484952,-12.3737685167954,TRUE
"Student 835",82.9956517325977,79.8810008453603,-13.6432489799272,TRUE
"Student 836",77.1446694575822,78.9483051249562,-18.6091340475883,FALSE
"Student 837",84.7813675507264,89.1121814677928,20.1837270497824,FALSE
"Student 838",69.7889719000734,90.0541357712034,-2.3150996691263,FALSE
"Student 839",86.5538433120909,107.309992557444,-16.0506639566649,FALSE
"Student 840",85.976668958849,96.9496441991169,-8.52814049855013,FALSE
"Student 841",117.775387392021,114.363019310814,39.3676865837135,TRUE
"Student 842",88.142920083944,72.5610385445749,5.52851169123116,TRUE
"Student 843",71.4931260188414,76.6989319117168,-0.342677731632122,FALSE
"Student 844",97.858199025704,77.2779053439099,31.2041614846305,TRUE
"Student 845",89.2783148812738,81.462891382776,8.74791625082651,TRUE
"Student 846",71.1014581650213,92.8250357680343,-28.9681141593195,FALSE
"Student 847",88.0885992191516,91.1577728157628,-2.96063047720619,FALSE
"Student 848",87.8768430946736,97.7709944217381,2.78655839826179,FALSE
"Student 849",105.794538598231,88.0557187051704,5.86682501886979,TRUE
"Student 850",75.2413602910432,83.1690247155546,-26.6712013654798,FALSE
"Student 851",95.8503146819076,62.6304704898396,-16.5857640070641,TRUE
"Student 852",74.5724599423849,87.4761184714274,-13.073736847969,FALSE
"Student 853",76.5653428126338,116.977067508201,-26.6533003003246,FALSE
"Student 854",96.2228437253643,61.5756906822776,38.0953312881039,TRUE
"Student 855",79.9467575830013,98.5417849483296,3.47236662273122,FALSE
"Student 856",97.1933754823061,67.8110223953194,28.0127081287625,TRUE
"Student 857",60.3998483392953,101.210013352001,-20.7073103369423,FALSE
"Student 858",92.053790964242,74.6927054847455,-2.81273080514423,TRUE
"Student 859",108.44117369971,81.9777935359072,24.7768989345435,TRUE
"Student 860",93.9618615534486,87.396859019409,5.77815694753328,TRUE
"Student 861",102.341781762025,74.5151386720634,7.57034745743917,TRUE
"Student 862",86.2810490710251,86.6337822425847,20.9368041131645,FALSE
"Student 863",97.3297350189116,101.260652739011,18.7415409179595,FALSE
"Student 864",85.9140447325649,98.5778195307516,6.56109305648744,FALSE
"Student 865",69.5384501608838,108.905989694296,-19.5886431418438,FALSE
"Student 866",78.0318349234709,90.5830755153614,1.15039953980052,FALSE
"Student 867",77.1317193348448,88.2751923052638,-7.39191025832264,FALSE
"Student 868",96.0784449174628,66.4874673614688,5.62972446932697,TRUE
"Student 869",112.587832873328,85.1383942244236,20.1994441491551,TRUE
"Student 870",71.9809061214478,65.1703439765975,-27.8839919483173,TRUE
"Student 871",89.8464164906161,92.9235153835934,27.1640712195075,FALSE
"Student 872",92.2631615022635,73.4706375520404,16.4561109606643,TRUE
"Student 873",85.3389112123147,94.6935796976665,4.06206814222172,FALSE
"Student 874",80.5115327902925,77.2746633433678,11.7989820733317,TRUE
"Student 875",102.054752654111,89.4248704194689,13.9911940094148,TRUE
"Student 876",95.4812761544804,73.4079334794694,1.29049097227482,TRUE
"Student 877",89.2173414089464,85.7884800466224,-10.4712994127496,TRUE
"Student 878",94.3146131842369,75.3863677928234,13.9214029028923,TRUE
"Student 879",85.7200108815992,90.8814790871221,12.4498534519608,FALSE
"Student 880",74.5235935906811,84.9083588154652,-8.5474614414633,FALSE
"Student 881",111.650733273968,54.7935277822369,19.4645262675617,TRUE
"Student 882",81.1471029663121,74.9680676120801,4.21379847290589,TRUE
"Student 883",68.0393520559642,81.7365775308125,-18.7696739645681,FALSE
"Student 884",99.6234904704,74.561561899374,10.5565193141727,TRUE
"Student 885",89.5003734382572,97.6379469080446,18.6390233014687,FALSE
"Student 886",84.3706913597802,56.5979064971112,8.44134954373904,TRUE
"Student 887",92.3083203551042,64.7151521992361,-3.82134766472097,TRUE
"Student 888",92.9494940447571,81.6861372002218,12.1379813404394,TRUE
"Student 889",82.8985077694865,83.300991034985,5.41624386839703,FALSE
"Student 890",89.3780598225142,74.8195162969691,22.4511732544441,TRUE
"Student 891",93.3721738500903,92.7380529685762,-3.24074234862981,TRUE
"Student 892",81.288699019056,79.9041161583072,-30.6386576385711,TRUE
"Student 893",75.3318004990995,82.1671286120822,-6.47650063475308,FALSE
"Student 894",75.7793056894368,77.6790089395296,-15.0684571513464,FALSE
"Student 895",88.7105240638793,103.244751703187,-11.0489394237179,FALSE
"Student 896",88.0807318635215,88.2823910426264,19.0261898298888,FALSE
"Student 897",101.424966712752,78.3703197864135,16.2909008046371,TRUE
"Student 898",97.716807088431,63.2965582476519,10.4925084714763,TRUE
"Student 899",78.6615990114583,78.9540237174291,-13.1917957569995,FALSE
"Student 900",85.4416648465124,78.8715157525091,13.2642515255403,TRUE
"Student 901",79.6943993151974,88.643416861024,-23.9849300196364,FALSE
"Student 902",79.7035067243063,78.7096622416844,3.02417007292335,TRUE
"Student 903",99.6082315726654,96.7309378800828,21.6603594369329,TRUE
"Student 904",74.104070474217,69.7426917839003,-6.87104083734374,TRUE
"Student 905",90.8175580331442,89.5254644642083,-1.59132658374747,TRUE
"Student 906",89.7194373514238,97.6167581195516,23.3162747819841,FALSE
"Student 907",101.930468299112,101.815393321632,29.1747576323287,TRUE
"Student 908",82.1363215517383,85.6734284527731,15.6186086819828,FALSE
"Student 909",96.5547000380664,91.5699260775589,17.1328587113314,TRUE
"Student 910",98.100592397373,87.939038750954,7.54164765151184,TRUE
"Student 911",76.6078953714396,91.6246923584049,-10.5719112675242,FALSE
"Student 912",83.0072009603916,76.9216350030711,-2.01880873286279,TRUE
"Student 913",79.6037267994664,89.8881426723834,3.50533505167826,FALSE
"Student 914",84.024231024276,74.0810878062049,-7.2075116519764,TRUE
"Student 915",94.9184021429646,56.9253280970585,36.0247539763279,TRUE
"Student 916",101.873605976083,70.9183266707532,52.9602300472511,TRUE
"Student 917",72.4865238124211,93.0760397508188,-23.0495430808588,FALSE
"Student 918",95.4501859457409,62.5788197951343,9.42665719873887,TRUE
"Student 919",105.381247290865,85.0638325727241,13.2540966593578,TRUE
"Student 920",101.004050705738,80.2107887760207,38.8406256896041,TRUE
"Student 921",86.0661990976545,85.7691531146821,1.4295630430443,TRUE
"Student 922",89.5757710611005,87.3953557273936,17.1328715126919,TRUE
"Student 923",87.8564755193535,71.1699514230059,3.47829442352057,TRUE
"Student 924",91.597589346768,79.6395954170315,-0.698943262668891,TRUE
"Student 925",68.8793744284758,81.9223046147838,-18.248551029938,FALSE
"Student 926",111.037433324214,97.4146694418093,25.4012162377034,TRUE
"Student 927",83.2964687823148,81.1565380353452,11.1789325575101,TRUE
"Student 928",92.7382575015492,98.1688896557753,1.50110390918744,FALSE
"Student 929",83.7621740645691,87.8671418058572,11.4905812837374,FALSE
"Student 930",89.7404778140374,70.2236080339982,-1.29603401683291,TRUE
"Student 931",81.2399794528103,75.7701748908905,18.3489649840614,TRUE
"Student 932",77.3126319583452,94.7066338220156,-13.9935688929575,FALSE
"Student 933",80.0584912044801,75.8423804429974,3.6920670477613,TRUE
"Student 934",90.5646593924938,83.1831585704261,-10.0928074551503,TRUE
"Student 935",84.1309987984009,87.7773586666915,6.04921106730887,FALSE
"Student 936",92.98597396864,90.72696862187,17.8432296634742,TRUE
"Student 937",84.4240823598758,81.4734154827859,17.6082771834203,TRUE
"Student 938",104.456991365126,97.2663859010414,26.2394615483855,TRUE
"Student 939",102.579472128283,96.0226915042572,24.3835547289125,TRUE
"Student 940",95.8005407625008,92.0024764420556,17.5247583288118,TRUE
"Student 941",99.2614926926392,71.1860877324154,14.8298178389214,TRUE
"Student 942",96.0373959360599,89.1334670176381,1.27710213619308,TRUE
"Student 943",88.2132472460922,71.0826536427817,1.57356333441314,TRUE
"Student 944",75.5062237864129,112.445955387276,0.300181438670663,FALSE
"Student 945",106.129718037596,97.4269133694061,29.2631753250708,TRUE
"Student 946",92.4394868127087,89.501851372232,22.5256733863206,TRUE
"Student 947",83.1792236597779,75.0006125116494,-5.59323153500536,TRUE
"Student 948",90.166861716622,82.0988607272964,24.4479089621281,TRUE
"Student 949",86.334334538525,90.2477533487389,7.80066801986668,FALSE
"Student 950",56.040811598856,87.1523693097619,-36.4652299959999,FALSE
"Student 951",80.3021772654939,92.0251755155037,-11.0752571114814,FALSE
"Student 952",103.346394060732,94.1240129250851,-6.15920801464205,TRUE
"Student 953",85.3107881695405,79.7554253211713,-8.51983630359538,TRUE
"Student 954",86.3238918386442,75.2487605880173,0.339579708693194,TRUE
"Student 955",91.3119416070326,84.0617191567745,13.6219870544942,TRUE
"Student 956",80.603461892251,75.1824705544152,-0.800357348180313,TRUE
"Student 957",80.3984120903653,94.0854650424125,-5.87519537226206,FALSE
"Student 958",98.0988463223683,91.6432279114292,20.5534881918241,TRUE
"Student 959",69.3014014717463,109.733048639925,-20.4170109709556,FALSE
"Student 960",99.5633482007326,88.8169461966019,21.9518276049589,TRUE
"Student 961",79.0078050113399,110.425295083017,-14.0122692740864,FALSE
"Student 962",99.5419056983267,95.2315214922855,11.0030950352367,TRUE
"Student 963",107.52991270157,95.6090375984697,13.6007410357717,TRUE
"Student 964",104.040940958408,81.1087788264051,15.1759271991393,TRUE
"Student 965",81.421503548728,102.742312644437,-2.434593475694,FALSE
"Student 966",66.3223004789714,74.4349338372492,-34.5483380829973,FALSE
"Student 967",103.702291336101,83.3614543872588,-0.464524553647152,TRUE
"Student 968",90.5459254000045,73.4561514546825,31.8439702319313,TRUE
"Student 969",97.3253286253009,73.8639875072324,14.5123339712515,TRUE
"Student 970",100.054558399604,91.177231524673,24.2444991279692,TRUE
"Student 971",88.8087969184808,94.1901387620137,-0.385809152507946,FALSE
"Student 972",93.2353173817613,89.001663586884,-7.44201720503928,TRUE
"Student 973",69.6388170689377,104.83356024405,-12.7604033676528,FALSE
"Student 974",78.6223353135696,83.7921047229354,4.02691237140866,FALSE
"Student 975",78.4238792528296,79.5079410487837,-23.216142206043,FALSE
"Student 976",92.7057777291251,86.9910447313467,6.28387303391833,TRUE
"Student 977",91.8010062697778,78.5218783459923,16.9540474917083,TRUE
"Student 978",93.6216477568029,100.673983748219,26.7497142557215,FALSE
"Student 979",89.3241111455855,83.8660870282785,11.1349733269625,TRUE
"Student 980",94.7329273757274,87.5031896952798,8.45062713651872,TRUE
"Student 981",83.7060108982696,96.1866760175519,3.15763828262125,FALSE
"Student 982",95.9264710184204,75.3863906516022,24.8512534490556,TRUE
"Student 983",76.1853079685224,87.288597327735,-19.8158550383159,FALSE
"Student 984",103.570425675704,74.479367487106,32.1123151271222,TRUE
"Student 985",84.8951389984519,79.3397922342882,-7.74180101104471,TRUE
"Student 986",70.9012639518215,88.9181037504414,-37.9167594944952,FALSE
"Student 987",92.3715145158094,84.4047027190691,27.3015156415883,TRUE
"Student 988",69.6203501726481,76.7850285668299,-19.9387944209006,FALSE
"Student 989",86.8226956499086,76.3510525942806,-20.68862829055,TRUE
"Student 990",89.9662200202179,80.6691027390606,30.6769880359464,TRUE
"Student 991",85.2008366959004,83.4672610245941,-12.5269000588316,TRUE
"Student 992",86.0198177056363,97.6965604087395,-2.2448653104736,FALSE
"Student 993",86.3431213176874,88.2219988876938,8.70740830763579,FALSE
"Student 994",79.2994086208204,80.6012306443271,-21.0147595739472,FALSE
"Student 995",99.5199739136923,83.0855697006276,0.223648762869402,TRUE
"Student 996",91.3991209355754,93.4042607655163,5.66434177303617,FALSE
"Student 997",78.3456939470098,89.1684802650792,-43.5493579375393,FALSE
"Student 998",67.9985022545554,82.7317974829487,-10.2342012976412,FALSE
"Student 999",94.5839596059567,91.9051964942221,6.69659532788289,TRUE
"Student 1000",71.2360900385291,78.2600316968737,-16.3316766496284,FALSE
